{
  "HTTP Request-1" : {
    "transaction" : "HTTP Request-1",
    "sampleCount" : 100,
    "errorCount" : 0,
    "errorPct" : 0.0,
    "meanResTime" : 1548.7299999999998,
    "medianResTime" : 1525.5,
    "minResTime" : 1412.0,
    "maxResTime" : 2341.0,
    "pct1ResTime" : 1639.7,
    "pct2ResTime" : 1744.6499999999994,
    "pct3ResTime" : 2336.3699999999976,
    "throughput" : 4.7149794898392186,
    "receivedKBytesPerSec" : 3316.5598551911926,
    "sentKBytesPerSec" : 0.5709545475977179
  },
  "Total" : {
    "transaction" : "Total",
    "sampleCount" : 300,
    "errorCount" : 0,
    "errorPct" : 0.0,
    "meanResTime" : 1095.879999999999,
    "medianResTime" : 1520.0,
    "minResTime" : 90.0,
    "maxResTime" : 2433.0,
    "pct1ResTime" : 1693.7,
    "pct2ResTime" : 1739.6499999999999,
    "pct3ResTime" : 2019.2200000000007,
    "throughput" : 14.05086412814388,
    "receivedKBytesPerSec" : 6592.407483841506,
    "sentKBytesPerSec" : 2.2686291040232307
  },
  "HTTP Request-0" : {
    "transaction" : "HTTP Request-0",
    "sampleCount" : 100,
    "errorCount" : 0,
    "errorPct" : 0.0,
    "meanResTime" : 94.77999999999999,
    "medianResTime" : 93.0,
    "minResTime" : 90.0,
    "maxResTime" : 140.0,
    "pct1ResTime" : 103.0,
    "pct2ResTime" : 108.89999999999998,
    "pct3ResTime" : 139.72999999999985,
    "throughput" : 5.049484952534842,
    "receivedKBytesPerSec" : 1.834383205413048,
    "sentKBytesPerSec" : 0.611461068471016
  },
  "HTTP Request" : {
    "transaction" : "HTTP Request",
    "sampleCount" : 100,
    "errorCount" : 0,
    "errorPct" : 0.0,
    "meanResTime" : 1644.1299999999994,
    "medianResTime" : 1619.5,
    "minResTime" : 1505.0,
    "maxResTime" : 2433.0,
    "pct1ResTime" : 1739.3,
    "pct2ResTime" : 1836.5999999999995,
    "pct3ResTime" : 2428.869999999998,
    "throughput" : 4.68362137604796,
    "receivedKBytesPerSec" : 3296.203741920753,
    "sentKBytesPerSec" : 1.1343145520116154
  }
}