{
  "HTTP Request-1" : {
    "transaction" : "HTTP Request-1",
    "sampleCount" : 1000,
    "errorCount" : 713,
    "errorPct" : 71.3,
    "meanResTime" : 903.5739999999995,
    "medianResTime" : 182.5,
    "minResTime" : 139.0,
    "maxResTime" : 5213.0,
    "pct1ResTime" : 2573.3999999999996,
    "pct2ResTime" : 3450.8499999999985,
    "pct3ResTime" : 4418.76,
    "throughput" : 44.03734366742998,
    "receivedKBytesPerSec" : 8902.117800582395,
    "sentKBytesPerSec" : 5.332647084727849
  },
  "Total" : {
    "transaction" : "Total",
    "sampleCount" : 3000,
    "errorCount" : 1426,
    "errorPct" : 47.533333,
    "meanResTime" : 691.0100000000022,
    "medianResTime" : 186.0,
    "minResTime" : 89.0,
    "maxResTime" : 5306.0,
    "pct1ResTime" : 2331.6000000000004,
    "pct2ResTime" : 2982.199999999997,
    "pct3ResTime" : 4372.869999999997,
    "throughput" : 131.22785529941822,
    "receivedKBytesPerSec" : 17716.860353057607,
    "sentKBytesPerSec" : 21.1878308035519
  },
  "HTTP Request-0" : {
    "transaction" : "HTTP Request-0",
    "sampleCount" : 1000,
    "errorCount" : 0,
    "errorPct" : 0.0,
    "meanResTime" : 132.71300000000005,
    "medianResTime" : 109.0,
    "minResTime" : 89.0,
    "maxResTime" : 2192.0,
    "pct1ResTime" : 130.0,
    "pct2ResTime" : 149.0,
    "pct3ResTime" : 1111.98,
    "throughput" : 50.020008003201276,
    "receivedKBytesPerSec" : 18.171331032412965,
    "sentKBytesPerSec" : 6.057110344137655
  },
  "HTTP Request" : {
    "transaction" : "HTTP Request",
    "sampleCount" : 1000,
    "errorCount" : 713,
    "errorPct" : 71.3,
    "meanResTime" : 1036.7430000000002,
    "medianResTime" : 300.0,
    "minResTime" : 230.0,
    "maxResTime" : 5306.0,
    "pct1ResTime" : 2694.5,
    "pct2ResTime" : 3601.749999999997,
    "pct3ResTime" : 4515.98,
    "throughput" : 43.74261843313941,
    "receivedKBytesPerSec" : 8858.430176528804,
    "sentKBytesPerSec" : 10.59391540177595
  }
}