{
  "HTTP Request-1" : {
    "transaction" : "HTTP Request-1",
    "sampleCount" : 10,
    "errorCount" : 0,
    "errorPct" : 0.0,
    "meanResTime" : 1508.5,
    "medianResTime" : 1437.5,
    "minResTime" : 1373.0,
    "maxResTime" : 1918.0,
    "pct1ResTime" : 1895.7,
    "pct2ResTime" : 1918.0,
    "pct3ResTime" : 1918.0,
    "throughput" : 0.5194805194805194,
    "receivedKBytesPerSec" : 365.40736607142856,
    "sentKBytesPerSec" : 0.06290584415584416
  },
  "Total" : {
    "transaction" : "Total",
    "sampleCount" : 30,
    "errorCount" : 0,
    "errorPct" : 0.0,
    "meanResTime" : 1070.5000000000002,
    "medianResTime" : 1437.5,
    "minResTime" : 91.0,
    "maxResTime" : 2046.0,
    "pct1ResTime" : 1779.6000000000001,
    "pct2ResTime" : 1975.6,
    "pct3ResTime" : 2046.0,
    "throughput" : 1.5481473836309216,
    "receivedKBytesPerSec" : 726.362329381257,
    "sentKBytesPerSec" : 0.24996129631540923
  },
  "HTTP Request-0" : {
    "transaction" : "HTTP Request-0",
    "sampleCount" : 10,
    "errorCount" : 0,
    "errorPct" : 0.0,
    "meanResTime" : 96.80000000000001,
    "medianResTime" : 93.0,
    "minResTime" : 91.0,
    "maxResTime" : 126.0,
    "pct1ResTime" : 123.5,
    "pct2ResTime" : 126.0,
    "pct3ResTime" : 126.0,
    "throughput" : 0.555432126194179,
    "receivedKBytesPerSec" : 0.2017780770939791,
    "sentKBytesPerSec" : 0.06725935903132636
  },
  "HTTP Request" : {
    "transaction" : "HTTP Request",
    "sampleCount" : 10,
    "errorCount" : 0,
    "errorPct" : 0.0,
    "meanResTime" : 1606.2,
    "medianResTime" : 1536.0,
    "minResTime" : 1467.0,
    "maxResTime" : 2046.0,
    "pct1ResTime" : 2020.3000000000002,
    "pct2ResTime" : 2046.0,
    "pct3ResTime" : 2046.0,
    "throughput" : 0.5160491278769739,
    "receivedKBytesPerSec" : 363.1811646906285,
    "sentKBytesPerSec" : 0.12498064815770461
  }
}