{
  "/contacts/-29" : {
    "transaction" : "/contacts/-29",
    "sampleCount" : 70,
    "errorCount" : 40,
    "errorPct" : 57.142857,
    "meanResTime" : 456.0285714285715,
    "medianResTime" : 48.5,
    "minResTime" : 45.0,
    "maxResTime" : 1156.0,
    "pct1ResTime" : 1042.2,
    "pct2ResTime" : 1087.8500000000001,
    "pct3ResTime" : 1156.0,
    "throughput" : 12.694958287994197,
    "receivedKBytesPerSec" : 507.83729484040623,
    "sentKBytesPerSec" : 9.248475471527021
  },
  "Total" : {
    "transaction" : "Total",
    "sampleCount" : 490,
    "errorCount" : 282,
    "errorPct" : 57.55102,
    "meanResTime" : 544.020408163265,
    "medianResTime" : 144.5,
    "minResTime" : 45.0,
    "maxResTime" : 2068.0,
    "pct1ResTime" : 1401.4,
    "pct2ResTime" : 1576.25,
    "pct3ResTime" : 1803.8099999999997,
    "throughput" : 53.191489361702125,
    "receivedKBytesPerSec" : 1945.9022326517043,
    "sentKBytesPerSec" : 38.34269329407295
  },
  "/delivery/-26" : {
    "transaction" : "/delivery/-26",
    "sampleCount" : 70,
    "errorCount" : 40,
    "errorPct" : 57.142857,
    "meanResTime" : 449.4857142857142,
    "medianResTime" : 52.0,
    "minResTime" : 45.0,
    "maxResTime" : 1149.0,
    "pct1ResTime" : 1031.8,
    "pct2ResTime" : 1083.6,
    "pct3ResTime" : 1149.0,
    "throughput" : 26.6058532877233,
    "receivedKBytesPerSec" : 1073.7028161820601,
    "sentKBytesPerSec" : 19.33081527936146
  },
  "/wp-json/bk/v1/clients/reviews-28" : {
    "transaction" : "/wp-json/bk/v1/clients/reviews-28",
    "sampleCount" : 70,
    "errorCount" : 40,
    "errorPct" : 57.142857,
    "meanResTime" : 389.1714285714286,
    "medianResTime" : 48.0,
    "minResTime" : 45.0,
    "maxResTime" : 1036.0,
    "pct1ResTime" : 889.9,
    "pct2ResTime" : 928.8000000000002,
    "pct3ResTime" : 1036.0,
    "throughput" : 15.401540154015402,
    "receivedKBytesPerSec" : 32.949584020902094,
    "sentKBytesPerSec" : 10.107260726072607
  },
  "/reviews/-27" : {
    "transaction" : "/reviews/-27",
    "sampleCount" : 70,
    "errorCount" : 40,
    "errorPct" : 57.142857,
    "meanResTime" : 494.1285714285713,
    "medianResTime" : 49.0,
    "minResTime" : 45.0,
    "maxResTime" : 1255.0,
    "pct1ResTime" : 1146.0,
    "pct2ResTime" : 1173.0,
    "pct3ResTime" : 1255.0,
    "throughput" : 19.525801952580196,
    "receivedKBytesPerSec" : 785.741915097629,
    "sentKBytesPerSec" : 14.224851813110181
  },
  "/-31" : {
    "transaction" : "/-31",
    "sampleCount" : 70,
    "errorCount" : 41,
    "errorPct" : 58.57143,
    "meanResTime" : 681.3857142857141,
    "medianResTime" : 47.0,
    "minResTime" : 45.0,
    "maxResTime" : 1720.0,
    "pct1ResTime" : 1634.8,
    "pct2ResTime" : 1682.55,
    "pct3ResTime" : 1720.0,
    "throughput" : 8.433734939759036,
    "receivedKBytesPerSec" : 423.6319888930723,
    "sentKBytesPerSec" : 6.20176016566265
  },
  "/product_category/aktsii/-30" : {
    "transaction" : "/product_category/aktsii/-30",
    "sampleCount" : 70,
    "errorCount" : 41,
    "errorPct" : 58.57143,
    "meanResTime" : 535.1285714285714,
    "medianResTime" : 61.0,
    "minResTime" : 45.0,
    "maxResTime" : 1434.0,
    "pct1ResTime" : 1272.5,
    "pct2ResTime" : 1343.7000000000003,
    "pct3ResTime" : 1434.0,
    "throughput" : 10.404280618311534,
    "receivedKBytesPerSec" : 438.3389612440547,
    "sentKBytesPerSec" : 7.742247881985731
  },
  "/about/-25" : {
    "transaction" : "/about/-25",
    "sampleCount" : 70,
    "errorCount" : 40,
    "errorPct" : 57.142857,
    "meanResTime" : 802.8142857142858,
    "medianResTime" : 568.0,
    "minResTime" : 142.0,
    "maxResTime" : 2068.0,
    "pct1ResTime" : 1748.8999999999999,
    "pct2ResTime" : 1812.9,
    "pct3ResTime" : 2068.0,
    "throughput" : 30.51438535309503,
    "receivedKBytesPerSec" : 1250.476787271142,
    "sentKBytesPerSec" : 22.17060810810811
  }
}