{
  "/contacts/-29" : {
    "transaction" : "/contacts/-29",
    "sampleCount" : 10,
    "errorCount" : 0,
    "errorPct" : 0.0,
    "meanResTime" : 842.5,
    "medianResTime" : 833.5,
    "minResTime" : 807.0,
    "maxResTime" : 897.0,
    "pct1ResTime" : 894.1,
    "pct2ResTime" : 897.0,
    "pct3ResTime" : 897.0,
    "throughput" : 7.674597083653108,
    "receivedKBytesPerSec" : 708.4462538372986,
    "sentKBytesPerSec" : 5.591063891020721
  },
  "Total" : {
    "transaction" : "Total",
    "sampleCount" : 70,
    "errorCount" : 0,
    "errorPct" : 0.0,
    "meanResTime" : 962.3428571428572,
    "medianResTime" : 947.0,
    "minResTime" : 628.0,
    "maxResTime" : 1442.0,
    "pct1ResTime" : 1284.0,
    "pct2ResTime" : 1336.7000000000003,
    "pct3ResTime" : 1442.0,
    "throughput" : 9.473541751251862,
    "receivedKBytesPerSec" : 808.7956971511707,
    "sentKBytesPerSec" : 6.828932788604682
  },
  "/delivery/-26" : {
    "transaction" : "/delivery/-26",
    "sampleCount" : 10,
    "errorCount" : 0,
    "errorPct" : 0.0,
    "meanResTime" : 847.5,
    "medianResTime" : 836.5,
    "minResTime" : 817.0,
    "maxResTime" : 950.0,
    "pct1ResTime" : 941.6,
    "pct2ResTime" : 950.0,
    "pct3ResTime" : 950.0,
    "throughput" : 8.019246190858059,
    "receivedKBytesPerSec" : 746.862783179631,
    "sentKBytesPerSec" : 5.8264835605453085
  },
  "/wp-json/bk/v1/clients/reviews-28" : {
    "transaction" : "/wp-json/bk/v1/clients/reviews-28",
    "sampleCount" : 10,
    "errorCount" : 0,
    "errorPct" : 0.0,
    "meanResTime" : 653.1000000000001,
    "medianResTime" : 637.5,
    "minResTime" : 628.0,
    "maxResTime" : 735.0,
    "pct1ResTime" : 728.8000000000001,
    "pct2ResTime" : 735.0,
    "pct3ResTime" : 735.0,
    "throughput" : 8.904719501335707,
    "receivedKBytesPerSec" : 35.27973341495993,
    "sentKBytesPerSec" : 5.8437221727515585
  },
  "/reviews/-27" : {
    "transaction" : "/reviews/-27",
    "sampleCount" : 10,
    "errorCount" : 0,
    "errorPct" : 0.0,
    "meanResTime" : 966.9,
    "medianResTime" : 964.5,
    "minResTime" : 891.0,
    "maxResTime" : 1071.0,
    "pct1ResTime" : 1067.7,
    "pct2ResTime" : 1071.0,
    "pct3ResTime" : 1071.0,
    "throughput" : 7.401924500370096,
    "receivedKBytesPerSec" : 687.3886819948186,
    "sentKBytesPerSec" : 5.392417653589933
  },
  "/-31" : {
    "transaction" : "/-31",
    "sampleCount" : 10,
    "errorCount" : 0,
    "errorPct" : 0.0,
    "meanResTime" : 1253.9,
    "medianResTime" : 1257.0,
    "minResTime" : 1175.0,
    "maxResTime" : 1307.0,
    "pct1ResTime" : 1305.5,
    "pct2ResTime" : 1307.0,
    "pct3ResTime" : 1307.0,
    "throughput" : 5.717552887364208,
    "receivedKBytesPerSec" : 686.9885470268724,
    "sentKBytesPerSec" : 4.2044114493996565
  },
  "/product_category/aktsii/-30" : {
    "transaction" : "/product_category/aktsii/-30",
    "sampleCount" : 10,
    "errorCount" : 0,
    "errorPct" : 0.0,
    "meanResTime" : 1011.5,
    "medianResTime" : 1015.0,
    "minResTime" : 962.0,
    "maxResTime" : 1077.0,
    "pct1ResTime" : 1073.0,
    "pct2ResTime" : 1077.0,
    "pct3ResTime" : 1077.0,
    "throughput" : 6.784260515603799,
    "receivedKBytesPerSec" : 682.5138335312076,
    "sentKBytesPerSec" : 5.048443860244234
  },
  "/about/-25" : {
    "transaction" : "/about/-25",
    "sampleCount" : 10,
    "errorCount" : 0,
    "errorPct" : 0.0,
    "meanResTime" : 1160.9999999999998,
    "medianResTime" : 1093.0,
    "minResTime" : 944.0,
    "maxResTime" : 1442.0,
    "pct1ResTime" : 1436.9,
    "pct2ResTime" : 1442.0,
    "pct3ResTime" : 1442.0,
    "throughput" : 5.668934240362812,
    "receivedKBytesPerSec" : 536.2236040249433,
    "sentKBytesPerSec" : 4.118835034013605
  }
}