{
  "/contacts/-29" : {
    "transaction" : "/contacts/-29",
    "sampleCount" : 30,
    "errorCount" : 0,
    "errorPct" : 0.0,
    "meanResTime" : 1053.7666666666667,
    "medianResTime" : 1040.0,
    "minResTime" : 929.0,
    "maxResTime" : 1216.0,
    "pct1ResTime" : 1116.9,
    "pct2ResTime" : 1164.85,
    "pct3ResTime" : 1216.0,
    "throughput" : 8.648025367541077,
    "receivedKBytesPerSec" : 798.3039510665898,
    "sentKBytesPerSec" : 6.3002216056500435
  },
  "Total" : {
    "transaction" : "Total",
    "sampleCount" : 210,
    "errorCount" : 0,
    "errorPct" : 0.0,
    "meanResTime" : 1252.5523809523804,
    "medianResTime" : 1167.0,
    "minResTime" : 774.0,
    "maxResTime" : 3192.0,
    "pct1ResTime" : 1706.8,
    "pct2ResTime" : 1770.9,
    "pct3ResTime" : 3147.419999999999,
    "throughput" : 19.744264761188415,
    "receivedKBytesPerSec" : 1685.6500769791276,
    "sentKBytesPerSec" : 14.232507815438135
  },
  "/delivery/-26" : {
    "transaction" : "/delivery/-26",
    "sampleCount" : 30,
    "errorCount" : 0,
    "errorPct" : 0.0,
    "meanResTime" : 1409.5666666666668,
    "medianResTime" : 1201.5,
    "minResTime" : 1030.0,
    "maxResTime" : 3192.0,
    "pct1ResTime" : 2917.3000000000034,
    "pct2ResTime" : 3172.2,
    "pct3ResTime" : 3192.0,
    "throughput" : 9.146341463414634,
    "receivedKBytesPerSec" : 851.8334365472562,
    "sentKBytesPerSec" : 6.645388719512195
  },
  "/wp-json/bk/v1/clients/reviews-28" : {
    "transaction" : "/wp-json/bk/v1/clients/reviews-28",
    "sampleCount" : 30,
    "errorCount" : 0,
    "errorPct" : 0.0,
    "meanResTime" : 855.9,
    "medianResTime" : 858.5,
    "minResTime" : 774.0,
    "maxResTime" : 952.0,
    "pct1ResTime" : 925.0,
    "pct2ResTime" : 945.4,
    "pct3ResTime" : 952.0,
    "throughput" : 9.637006103437198,
    "receivedKBytesPerSec" : 38.18099000160617,
    "sentKBytesPerSec" : 6.324285255380662
  },
  "/reviews/-27" : {
    "transaction" : "/reviews/-27",
    "sampleCount" : 30,
    "errorCount" : 0,
    "errorPct" : 0.0,
    "meanResTime" : 1121.7666666666664,
    "medianResTime" : 1125.5,
    "minResTime" : 1004.0,
    "maxResTime" : 1239.0,
    "pct1ResTime" : 1194.8,
    "pct2ResTime" : 1238.45,
    "pct3ResTime" : 1239.0,
    "throughput" : 9.085402786190187,
    "receivedKBytesPerSec" : 843.7269315944882,
    "sentKBytesPerSec" : 6.618857889158086
  },
  "/-31" : {
    "transaction" : "/-31",
    "sampleCount" : 30,
    "errorCount" : 0,
    "errorPct" : 0.0,
    "meanResTime" : 1677.1666666666665,
    "medianResTime" : 1711.0,
    "minResTime" : 1230.0,
    "maxResTime" : 1860.0,
    "pct1ResTime" : 1812.3,
    "pct2ResTime" : 1844.05,
    "pct3ResTime" : 1860.0,
    "throughput" : 8.101539292465569,
    "receivedKBytesPerSec" : 973.4347572913854,
    "sentKBytesPerSec" : 5.957479577369701
  },
  "/product_category/aktsii/-30" : {
    "transaction" : "/product_category/aktsii/-30",
    "sampleCount" : 30,
    "errorCount" : 0,
    "errorPct" : 0.0,
    "meanResTime" : 1341.6000000000001,
    "medianResTime" : 1339.0,
    "minResTime" : 1235.0,
    "maxResTime" : 1475.0,
    "pct1ResTime" : 1435.5,
    "pct2ResTime" : 1459.6,
    "pct3ResTime" : 1475.0,
    "throughput" : 8.081896551724139,
    "receivedKBytesPerSec" : 813.0593135439116,
    "sentKBytesPerSec" : 6.014067551185344
  },
  "/about/-25" : {
    "transaction" : "/about/-25",
    "sampleCount" : 30,
    "errorCount" : 0,
    "errorPct" : 0.0,
    "meanResTime" : 1308.1,
    "medianResTime" : 1240.0,
    "minResTime" : 1034.0,
    "maxResTime" : 1747.0,
    "pct1ResTime" : 1598.6,
    "pct2ResTime" : 1700.25,
    "pct3ResTime" : 1747.0,
    "throughput" : 14.844136566056408,
    "receivedKBytesPerSec" : 1404.1045583869372,
    "sentKBytesPerSec" : 10.78519297377536
  }
}